date,Keyword,Country,Interest
2024-06-16,event infrastructure rental,United States,0
2024-06-23,event infrastructure rental,United States,0
2024-06-30,event infrastructure rental,United States,0
2024-07-07,event infrastructure rental,United States,0
2024-07-14,event infrastructure rental,United States,0
2024-07-21,event infrastructure rental,United States,0
2024-07-28,event infrastructure rental,United States,0
2024-08-04,event infrastructure rental,United States,0
2024-08-11,event infrastructure rental,United States,0
2024-08-18,event infrastructure rental,United States,0
2024-08-25,event infrastructure rental,United States,0
2024-09-01,event infrastructure rental,United States,0
2024-09-08,event infrastructure rental,United States,0
2024-09-15,event infrastructure rental,United States,0
2024-09-22,event infrastructure rental,United States,0
2024-09-29,event infrastructure rental,United States,0
2024-10-06,event infrastructure rental,United States,0
2024-10-13,event infrastructure rental,United States,0
2024-10-20,event infrastructure rental,United States,0
2024-10-27,event infrastructure rental,United States,0
2024-11-03,event infrastructure rental,United States,0
2024-11-10,event infrastructure rental,United States,0
2024-11-17,event infrastructure rental,United States,0
2024-11-24,event infrastructure rental,United States,0
2024-12-01,event infrastructure rental,United States,0
2024-12-08,event infrastructure rental,United States,0
2024-12-15,event infrastructure rental,United States,0
2024-12-22,event infrastructure rental,United States,0
2024-12-29,event infrastructure rental,United States,0
2025-01-05,event infrastructure rental,United States,0
2025-01-12,event infrastructure rental,United States,0
2025-01-19,event infrastructure rental,United States,0
2025-01-26,event infrastructure rental,United States,0
2025-02-02,event infrastructure rental,United States,0
2025-02-09,event infrastructure rental,United States,0
2025-02-16,event infrastructure rental,United States,0
2025-02-23,event infrastructure rental,United States,0
2025-03-02,event infrastructure rental,United States,0
2025-03-09,event infrastructure rental,United States,0
2025-03-16,event infrastructure rental,United States,0
2025-03-23,event infrastructure rental,United States,0
2025-03-30,event infrastructure rental,United States,100
2025-04-06,event infrastructure rental,United States,0
2025-04-13,event infrastructure rental,United States,0
2025-04-20,event infrastructure rental,United States,0
2025-04-27,event infrastructure rental,United States,0
2025-05-04,event infrastructure rental,United States,0
2025-05-11,event infrastructure rental,United States,0
2025-05-18,event infrastructure rental,United States,0
2025-05-25,event infrastructure rental,United States,0
2025-06-01,event infrastructure rental,United States,0
2025-06-08,event infrastructure rental,United States,0
2025-06-15,event infrastructure rental,United States,0
2024-06-16,Absperrgitter mieten,Germany,0
2024-06-23,Absperrgitter mieten,Germany,0
2024-06-30,Absperrgitter mieten,Germany,0
2024-07-07,Absperrgitter mieten,Germany,0
2024-07-14,Absperrgitter mieten,Germany,0
2024-07-21,Absperrgitter mieten,Germany,0
2024-07-28,Absperrgitter mieten,Germany,0
2024-08-04,Absperrgitter mieten,Germany,0
2024-08-11,Absperrgitter mieten,Germany,0
2024-08-18,Absperrgitter mieten,Germany,0
2024-08-25,Absperrgitter mieten,Germany,0
2024-09-01,Absperrgitter mieten,Germany,0
2024-09-08,Absperrgitter mieten,Germany,0
2024-09-15,Absperrgitter mieten,Germany,0
2024-09-22,Absperrgitter mieten,Germany,0
2024-09-29,Absperrgitter mieten,Germany,0
2024-10-06,Absperrgitter mieten,Germany,0
2024-10-13,Absperrgitter mieten,Germany,0
2024-10-20,Absperrgitter mieten,Germany,0
2024-10-27,Absperrgitter mieten,Germany,0
2024-11-03,Absperrgitter mieten,Germany,0
2024-11-10,Absperrgitter mieten,Germany,0
2024-11-17,Absperrgitter mieten,Germany,0
2024-11-24,Absperrgitter mieten,Germany,0
2024-12-01,Absperrgitter mieten,Germany,0
2024-12-08,Absperrgitter mieten,Germany,0
2024-12-15,Absperrgitter mieten,Germany,0
2024-12-22,Absperrgitter mieten,Germany,0
2024-12-29,Absperrgitter mieten,Germany,0
2025-01-05,Absperrgitter mieten,Germany,0
2025-01-12,Absperrgitter mieten,Germany,0
2025-01-19,Absperrgitter mieten,Germany,0
2025-01-26,Absperrgitter mieten,Germany,0
2025-02-02,Absperrgitter mieten,Germany,0
2025-02-09,Absperrgitter mieten,Germany,0
2025-02-16,Absperrgitter mieten,Germany,0
2025-02-23,Absperrgitter mieten,Germany,0
2025-03-02,Absperrgitter mieten,Germany,0
2025-03-09,Absperrgitter mieten,Germany,0
2025-03-16,Absperrgitter mieten,Germany,0
2025-03-23,Absperrgitter mieten,Germany,0
2025-03-30,Absperrgitter mieten,Germany,0
2025-04-06,Absperrgitter mieten,Germany,0
2025-04-13,Absperrgitter mieten,Germany,0
2025-04-20,Absperrgitter mieten,Germany,0
2025-04-27,Absperrgitter mieten,Germany,0
2025-05-04,Absperrgitter mieten,Germany,0
2025-05-11,Absperrgitter mieten,Germany,0
2025-05-18,Absperrgitter mieten,Germany,0
2025-05-25,Absperrgitter mieten,Germany,0
2025-06-01,Absperrgitter mieten,Germany,0
2025-06-08,Absperrgitter mieten,Germany,100
2025-06-15,Absperrgitter mieten,Germany,0
2024-06-16,Absperrgitter mieten,England,0
2024-06-23,Absperrgitter mieten,England,0
2024-06-30,Absperrgitter mieten,England,0
2024-07-07,Absperrgitter mieten,England,0
2024-07-14,Absperrgitter mieten,England,0
2024-07-21,Absperrgitter mieten,England,0
2024-07-28,Absperrgitter mieten,England,0
2024-08-04,Absperrgitter mieten,England,0
2024-08-11,Absperrgitter mieten,England,0
2024-08-18,Absperrgitter mieten,England,0
2024-08-25,Absperrgitter mieten,England,0
2024-09-01,Absperrgitter mieten,England,0
2024-09-08,Absperrgitter mieten,England,0
2024-09-15,Absperrgitter mieten,England,0
2024-09-22,Absperrgitter mieten,England,0
2024-09-29,Absperrgitter mieten,England,0
2024-10-06,Absperrgitter mieten,England,0
2024-10-13,Absperrgitter mieten,England,0
2024-10-20,Absperrgitter mieten,England,0
2024-10-27,Absperrgitter mieten,England,0
2024-11-03,Absperrgitter mieten,England,0
2024-11-10,Absperrgitter mieten,England,0
2024-11-17,Absperrgitter mieten,England,0
2024-11-24,Absperrgitter mieten,England,0
2024-12-01,Absperrgitter mieten,England,0
2024-12-08,Absperrgitter mieten,England,0
2024-12-15,Absperrgitter mieten,England,0
2024-12-22,Absperrgitter mieten,England,0
2024-12-29,Absperrgitter mieten,England,0
2025-01-05,Absperrgitter mieten,England,0
2025-01-12,Absperrgitter mieten,England,0
2025-01-19,Absperrgitter mieten,England,0
2025-01-26,Absperrgitter mieten,England,0
2025-02-02,Absperrgitter mieten,England,0
2025-02-09,Absperrgitter mieten,England,0
2025-02-16,Absperrgitter mieten,England,0
2025-02-23,Absperrgitter mieten,England,0
2025-03-02,Absperrgitter mieten,England,0
2025-03-09,Absperrgitter mieten,England,0
2025-03-16,Absperrgitter mieten,England,0
2025-03-23,Absperrgitter mieten,England,0
2025-03-30,Absperrgitter mieten,England,0
2025-04-06,Absperrgitter mieten,England,0
2025-04-13,Absperrgitter mieten,England,0
2025-04-20,Absperrgitter mieten,England,0
2025-04-27,Absperrgitter mieten,England,0
2025-05-04,Absperrgitter mieten,England,100
2025-05-11,Absperrgitter mieten,England,0
2025-05-18,Absperrgitter mieten,England,0
2025-05-25,Absperrgitter mieten,England,0
2025-06-01,Absperrgitter mieten,England,0
2025-06-08,Absperrgitter mieten,England,0
2025-06-15,Absperrgitter mieten,England,0
2024-06-16,event fencing rental,Germany,0
2024-06-23,event fencing rental,Germany,0
2024-06-30,event fencing rental,Germany,0
2024-07-07,event fencing rental,Germany,0
2024-07-14,event fencing rental,Germany,0
2024-07-21,event fencing rental,Germany,0
2024-07-28,event fencing rental,Germany,0
2024-08-04,event fencing rental,Germany,0
2024-08-11,event fencing rental,Germany,0
2024-08-18,event fencing rental,Germany,0
2024-08-25,event fencing rental,Germany,0
2024-09-01,event fencing rental,Germany,0
2024-09-08,event fencing rental,Germany,0
2024-09-15,event fencing rental,Germany,0
2024-09-22,event fencing rental,Germany,0
2024-09-29,event fencing rental,Germany,0
2024-10-06,event fencing rental,Germany,0
2024-10-13,event fencing rental,Germany,0
2024-10-20,event fencing rental,Germany,0
2024-10-27,event fencing rental,Germany,0
2024-11-03,event fencing rental,Germany,0
2024-11-10,event fencing rental,Germany,0
2024-11-17,event fencing rental,Germany,0
2024-11-24,event fencing rental,Germany,100
2024-12-01,event fencing rental,Germany,0
2024-12-08,event fencing rental,Germany,0
2024-12-15,event fencing rental,Germany,0
2024-12-22,event fencing rental,Germany,0
2024-12-29,event fencing rental,Germany,0
2025-01-05,event fencing rental,Germany,0
2025-01-12,event fencing rental,Germany,0
2025-01-19,event fencing rental,Germany,0
2025-01-26,event fencing rental,Germany,0
2025-02-02,event fencing rental,Germany,0
2025-02-09,event fencing rental,Germany,0
2025-02-16,event fencing rental,Germany,0
2025-02-23,event fencing rental,Germany,0
2025-03-02,event fencing rental,Germany,0
2025-03-09,event fencing rental,Germany,0
2025-03-16,event fencing rental,Germany,0
2025-03-23,event fencing rental,Germany,0
2025-03-30,event fencing rental,Germany,0
2025-04-06,event fencing rental,Germany,0
2025-04-13,event fencing rental,Germany,0
2025-04-20,event fencing rental,Germany,0
2025-04-27,event fencing rental,Germany,0
2025-05-04,event fencing rental,Germany,0
2025-05-11,event fencing rental,Germany,0
2025-05-18,event fencing rental,Germany,0
2025-05-25,event fencing rental,Germany,0
2025-06-01,event fencing rental,Germany,0
2025-06-08,event fencing rental,Germany,0
2025-06-15,event fencing rental,Germany,0
2024-06-16,event fencing rental,United States,0
2024-06-23,event fencing rental,United States,0
2024-06-30,event fencing rental,United States,0
2024-07-07,event fencing rental,United States,0
2024-07-14,event fencing rental,United States,0
2024-07-21,event fencing rental,United States,0
2024-07-28,event fencing rental,United States,0
2024-08-04,event fencing rental,United States,0
2024-08-11,event fencing rental,United States,0
2024-08-18,event fencing rental,United States,0
2024-08-25,event fencing rental,United States,0
2024-09-01,event fencing rental,United States,0
2024-09-08,event fencing rental,United States,0
2024-09-15,event fencing rental,United States,0
2024-09-22,event fencing rental,United States,0
2024-09-29,event fencing rental,United States,0
2024-10-06,event fencing rental,United States,0
2024-10-13,event fencing rental,United States,0
2024-10-20,event fencing rental,United States,0
2024-10-27,event fencing rental,United States,0
2024-11-03,event fencing rental,United States,0
2024-11-10,event fencing rental,United States,0
2024-11-17,event fencing rental,United States,0
2024-11-24,event fencing rental,United States,100
2024-12-01,event fencing rental,United States,0
2024-12-08,event fencing rental,United States,0
2024-12-15,event fencing rental,United States,0
2024-12-22,event fencing rental,United States,0
2024-12-29,event fencing rental,United States,0
2025-01-05,event fencing rental,United States,0
2025-01-12,event fencing rental,United States,0
2025-01-19,event fencing rental,United States,0
2025-01-26,event fencing rental,United States,0
2025-02-02,event fencing rental,United States,0
2025-02-09,event fencing rental,United States,0
2025-02-16,event fencing rental,United States,0
2025-02-23,event fencing rental,United States,0
2025-03-02,event fencing rental,United States,0
2025-03-09,event fencing rental,United States,0
2025-03-16,event fencing rental,United States,0
2025-03-23,event fencing rental,United States,0
2025-03-30,event fencing rental,United States,0
2025-04-06,event fencing rental,United States,0
2025-04-13,event fencing rental,United States,0
2025-04-20,event fencing rental,United States,0
2025-04-27,event fencing rental,United States,0
2025-05-04,event fencing rental,United States,0
2025-05-11,event fencing rental,United States,0
2025-05-18,event fencing rental,United States,0
2025-05-25,event fencing rental,United States,0
2025-06-01,event fencing rental,United States,0
2025-06-08,event fencing rental,United States,7
2025-06-15,event fencing rental,United States,0
